OBJECTID;X;Y;Name;post_id;latitude;longitude;POINT_X;POINT_Y
157210085;-118.543141555874072;34.38083106637454;Old Orchard Shopping Center;23785;34.3808311;-118.5431415;6397793.10750881;1961414.68374589
157210086;-118.56119755588648;34.420551765947344;River Oaks Shopping Center;23786;34.4205518;-118.5611975;6392425.99193072;1975899.5445399
157210088;-118.455360956458833;34.415829566448146;Sierra Plaza Shopping Center;23789;34.4158296;-118.4553609;6424335.86085364;1974019.66083248
157210089;-118.467028056316892;34.415274066126123;The Knoll Shopping Center;23790;34.4152741;-118.467028;6420816.21041264;1973833.64972156
157210090;-118.557030756421128;34.415274165960263;Valencia Mall Shopping Center;23791;34.4152742;-118.5570307;6393671.94711597;1973971.9578439
157210091;-118.543141355773287;34.421662766085831;Valencia Mart Shopping Center;23792;34.4216628;-118.5431413;6397873.4597103;1976273.94175698
157210092;-118.530363156089379;34.434162265908455;Bouquet Canyon Square Shopping Center;23794;34.4341623;-118.5303631;6401750.98706022;1980802.1272544
157210093;-118.473694956752254;34.417218365756298;Canyon Center Shopping Center;23795;34.4172184;-118.4736949;6418808.84434864;1974550.62105665
157210094;-118.622310055534626;34.497215165989687;Castaic Shopping Center;23796;34.4972152;-118.62231;6374168.80961314;2003906.96818373
157210095;-118.550919456354336;34.403885765683178;Granary Square Shopping Center;23798;34.4038858;-118.5509194;6395492.35882947;1969817.39266223
157210121;-118.534807856451266;34.427773666479638;Bouquet Center Shopping Center;23826;34.4277737;-118.5348078;6400398.42808555;1978484.31725748
157210129;-118.349795656087764;33.828071467100727;Del Amo Fashion Center;23835;33.8280715;-118.3497956;6455429.31178997;1759996.46683247
157210140;-118.331183655740318;33.791961167150419;Rolling Hills Plaza Shopping Center;23848;33.7919612;-118.3311836;6461038.88816921;1746835.87963665
157210152;-118.355074256358236;33.871126066882333;South Bay Shopping Center;23863;33.8711261;-118.3550742;6453881.43365213;1775670.64677015
157210222;-118.388962655813913;33.799737967419368;Malaga Cove Plaza Shopping Center;23963;33.799738;-118.3889626;6443493.54333872;1749728.94012348
157210223;-118.393132556456948;33.986123466748438;Fox Hills Mall Shopping Center;23964;33.9861235;-118.3931325;6442491.91410838;1817563.46751189
157210224;-118.392854656007344;33.983067966463551;Fox Hills Plaza Shopping Center;23965;33.983068;-118.3928546;6442571.81355488;1816451.18627189
157210225;-118.437856855745622;34.039732167111069;Lamancha Shopping Center;23966;34.0397322;-118.4378568;6429018.77241956;1837128.61637364
157210226;-118.372576356070624;33.978623866807538;Ladera Shopping Center;23967;33.9786239;-118.3725763;6448713.39641605;1814810.48975015
157210227;-118.35618775644356;34.020845167002363;Baldwin Hills Shopping Center;23968;34.0208452;-118.3561877;6453736.48446697;1830157.57946272
157210229;-118.379522756158863;34.092786666846777;Sunset Plaza Shopping Center;23971;34.0927867;-118.3795227;6446764.27433005;1856364.1769838
157210238;-118.456468156302194;34.018899266793362;Ocean Park Plaza Shopping Center;23981;34.0188993;-118.4564681;6423345.96749222;1829572.27092206
157210241;-118.377300255840936;34.075009466516192;Beverly Center Shopping Center;23984;34.0750095;-118.3773002;6447412.88228481;1849892.22929782
157210242;-118.461746555886521;34.049453766998404;Brentwood Place Shopping Center;23986;34.0494538;-118.4617465;6421797.53423738;1840698.8464379
157210243;-118.418967856069443;34.058898466864157;Century City Center Shopping Center;23987;34.0588985;-118.4189678;6434770.35573263;1844079.15627831
157210245;-118.493969055685255;34.013621066924429;Santa Monica Place Shopping Center;23989;34.0136211;-118.493969;6411972.6500158;1827705.17623106
157210247;-118.485080255704446;34.030565266849074;Wilshire West Shopping Center;23991;34.0305653;-118.4850802;6414696.14391264;1833858.31943657
157210248;-118.393410556108847;34.002234166864199;Raintree Plaza Shopping Center;23992;34.0022342;-118.3934105;6442430.58549088;1823426.7687774
157210249;-118.378688655650649;34.043899566895284;Ward Plaza Shopping Center;23993;34.0438996;-118.3786886;6446949.78445771;1838572.39695065
157210251;-118.453694755764232;34.281946066363631;La Rinda Shopping Center;23995;34.2819461;-118.4536947;6424618.46199447;1925295.10867548
157210252;-118.500363156239501;34.273057666124046;Balboa-Mission Square Shopping Center;23998;34.2730577;-118.5003631;6410504.9049198;1922127.40011589
157210253;-118.537030855522303;34.257780566439116;Devonshire-Reseda Shopping Center;23999;34.2577806;-118.5370308;6399397.57214764;1916625.02824664
157210254;-118.525086056356841;34.266391365900944;Granada Village Shopping Center;24000;34.2663914;-118.525086;6403023.22729789;1919739.54334307
157210255;-118.500363156211563;34.256669466473852;North Hills Shopping Center;24001;34.2566695;-118.5003631;6410475.21731514;1916163.50948465
157210256;-118.605088256180139;34.249447765986922;Topango Festival Shopping Center;24002;34.2494478;-118.6050882;6378814.88102964;1913709.45730615
157210258;-118.325912056630756;34.260558066925647;Sunland Shopping Center;24004;34.2605581;-118.325912;6463193.59613013;1917361.97526357
157210259;-118.42952705611124;34.310278266274878;Sylmar Shopping Center;24005;34.3102783;-118.429527;6431963.04113731;1935573.55137314
157210260;-118.433971755764503;34.308611666330293;Sylmar Square Shopping Center;24006;34.3086117;-118.4339717;6430618.23378755;1934972.81536989
157210261;-118.442027555941678;34.300000965886596;Sylmar Towne Shopping Center;24007;34.300001;-118.4420275;6428171.75442855;1931849.85245572
157210262;-118.325352256564344;33.932236567228998;Crenshaw Imperial Shopping Center;24008;33.9322366;-118.3253522;6462976.00995113;1797879.53017381
157210263;-118.351463855788978;33.92084746724813;Hawthorne Plaza Shopping Center;24010;33.9208475;-118.3514638;6455040.69708164;1793761.47213697
157210264;-118.395630955390033;33.892236167504706;Sepulveda Shopping Center;24012;33.8922362;-118.3956309;6441600.04581338;1783399.03420047
157210276;-118.809811855080099;34.021118666596742;Point Dume Plaza Shopping Center;24025;34.0211187;-118.8098118;6316279.89914447;1831054.36572689
157210277;-118.502029655795354;34.235281266840126;Balboa Nordhoff Shopping Center;24026;34.2352813;-118.5020296;6409932.77975172;1908382.56376047
157210278;-118.385908655871944;33.901402867466096;Manhattan Marketplace Shopping Center;24028;33.9014029;-118.3859086;6444563.46573955;1786723.51639664
157210279;-118.395353256190234;33.898624967027573;Manhattan Village Shopping Center;24029;33.898625;-118.3953532;6441693.46918297;1785723.71918364
157210280;-118.363407456392778;33.857515067534472;North Torrance Shopping Center;24030;33.8575151;-118.3634074;6451333.84983656;1770726.34137006
157210281;-118.367295756088438;33.813349167438652;Pacific Plaza Shopping Center;24031;33.8133492;-118.3672957;6450094.5718033;1754657.62744457
157210282;-118.35535145617925;33.838348867231701;Plaza Del Amo Shopping Center;24032;33.8383489;-118.3553514;6453755.11599138;1763742.57449773
157210283;-118.370906255266007;33.770849867290103;The Shops At Palos Verdes Shopping Center;24034;33.7708499;-118.3709062;6448940.72142072;1739195.08619122
157210284;-118.352296056122114;33.853070967415711;Torrance Promenade Shopping Center;24035;33.853071;-118.352296;6454701.77190647;1769097.02179407
157210285;-118.405906555298998;33.748627567723858;Golden Cove Shopping Center;24036;33.7486276;-118.4059065;6438270.46913922;1731148.91101064
157210286;-118.394241555811305;33.865292267004975;Hermosa Beach Pavilion Shopping Center;24037;33.8652923;-118.3942415;6441983.2553488;1773591.91700372
157210288;-118.842313554593034;34.031118666442893;Trancas Market Shopping Center;24039;34.0311187;-118.8423135;6306461.90500097;1834774.37501915
157210289;-118.55841855613707;34.17222736686162;Capri Plaza Shopping Center;24041;34.1722274;-118.5584185;6392762.02570747;1885526.36636272
157210290;-118.511750455685146;34.161672266332573;Courtyard Shops Of Encino Shopping Center;24042;34.1616723;-118.5117504;6406858.3315043;1881610.07990398
157210291;-118.510639256242953;34.160561166856631;Encino Oaks Shopping Center;24044;34.1605612;-118.5106392;6407192.42860514;1881204.02625415
157210292;-118.508694855417005;34.160283366338973;Encino Town Center Shopping Center;24045;34.1602834;-118.5086948;6407780.12952948;1881099.94837831
157210293;-118.625642955847283;34.189726966063141;Fallbrook Mall Shopping Center;24046;34.189727;-118.6256429;6372468.13191214;1892014.42622122
157210294;-118.626198555380299;34.189726966064676;Fallbrook Mall Shopping Center;24047;34.189727;-118.6261985;6372300.11387546;1892015.47247897
157210295;-118.57203075571401;34.201948866574831;Independence Square Shopping Center;24048;34.2019489;-118.5720307;6388706.25625996;1896365.53530115
157210296;-118.555363255977213;34.187504766069367;Loehmanns Plaza Shopping Center;24049;34.1875048;-118.5553632;6393716.8892833;1891080.88379698
157210297;-118.55453105612682;34.237503466778371;Northridge Fashion Center Shopping Center;24050;34.2375035;-118.554531;6394068.94041647;1909274.6482624
157210298;-118.558697955578666;34.241947766490902;Northridge Pavilion Shopping Center;24051;34.2419478;-118.5586979;6392818.53970206;1910898.95833398
157210299;-118.560642156006153;34.228892666198234;Northridge Plaza Shopping Center;24052;34.2288927;-118.5606421;6392204.46350239;1906151.31658256
157210300;-118.367017256034146;33.769461067291815;Town And Country Shopping Center;24054;33.7694611;-118.3670172;6450120.8552153;1738685.32671206
157210301;-118.354240255721109;33.836126767215454;Village Del Amo Shopping Center;24055;33.8361268;-118.3542402;6454089.72063714;1762932.70899148
157210302;-118.572030656272517;34.200560066160847;Sherman Plaza Shopping Center;24057;34.2005601;-118.5720306;6388703.41013706;1895860.1337529
157210303;-118.604531056247367;34.18056056678595;The Promenade At Woodland Hills Shopping Center;24058;34.1805606;-118.604531;6378832.49254297;1888639.59996565
157210304;-118.603975755645848;34.190560366417138;Topanga Plaza Shopping Center;24059;34.1905604;-118.6039757;6379022.30482739;1892277.63271581
157210305;-118.552864255662271;34.234725766568459;Walnut Grove Shopping Center;24060;34.2347258;-118.5528642;6394567.14906572;1908261.03316364
157210306;-118.604808655297603;34.169171966051586;Warner Plaza Shopping Center;24061;34.169172;-118.6048086;6378723.59774764;1884495.66173123
157210307;-118.588974855271658;34.167227466857547;Woodland Hills Village Plaza Shopping Center;24062;34.1672275;-118.5889748;6383508.91429247;1883759.59430572
157210308;-118.758701255236915;34.152783066299797;Agoura Meadows Shopping Center;24063;34.1527831;-118.7587012;6332128.86646222;1878847.33838223
157210311;-118.643976055119083;34.1561165660816;Parkway Calabasas Shopping Center;24067;34.1561166;-118.643976;6366845.68810456;1879818.25638789
157210312;-118.641476655438794;34.188338066142805;Platt Village Shopping Center;24068;34.1883381;-118.6414766;6367676.66282055;1891539.17126623
157210314;-118.755089755077691;34.14389436621201;Whizins Mall Shopping Center;24070;34.1438944;-118.7550897;6333197.18880063;1875604.4416528
157210316;-118.334520355956073;34.016679066869195;Crenshaw Square Shopping Center;24072;34.0166791;-118.3345203;6460297.18197547;1828618.90209389
157210317;-118.394524655709574;34.181394366424016;Laurel Plaza Shopping Center;24073;34.1813944;-118.3945246;6442348.81465705;1888627.38870397
157210319;-118.340353755969588;34.013067966899918;Santa Barbara Plaza Shopping Center;24075;34.013068;-118.3403537;6458524.98342013;1827310.69178382
157210320;-118.360077456624012;34.070287666659759;Town And Country Shopping Center;24076;34.0702877;-118.3600774;6452622.26720722;1848154.75705098
157210321;-118.493972156148374;34.158339066356149;Rubio Plaza Shopping Center;24077;34.1583391;-118.4939721;6412230.52253155;1880370.17687197
157210322;-118.436747856024482;34.156950466581421;Sherman Oaks Fashion Square Shopping Center;24078;34.1569505;-118.4367478;6429540.09585197;1879784.6973999
157210323;-118.467304455831311;34.155283766552735;Sherman Oaks Galleria Shopping Center;24079;34.1552838;-118.4673044;6420292.98803389;1879219.73297864
157210324;-118.447581556306702;34.15250616686307;Sherman Oaks Square Shopping Center;24080;34.1525062;-118.4475815;6426255.37341881;1878181.76917531
157210325;-118.44730375558423;34.151395066950769;Sherman Oaks Town Center Shopping Center;24081;34.1513951;-118.4473037;6426337.62161389;1877777.04951231
157210326;-118.44924965634938;34.223614966313065;Panorama Mall Shopping Center;24083;34.223615;-118.4492496;6425866.35254331;1904061.5422188
157210327;-118.449249856080655;34.234447866139668;Vannord Center Shopping Center;24085;34.2344479;-118.4492498;6425883.91156331;1908003.79122406
157210328;-118.417025555653467;34.187227366217542;Victory Plaza Shopping Center;24086;34.1872274;-118.4170255;6435552.40206881;1890777.57633273
157210329;-118.3931350558303;34.143062466535511;Studio City Plaza Shopping Center;24087;34.1430625;-118.393135;6442714.53013296;1874676.17284006
157210331;-118.397581055761293;34.222226166140338;Canyon Plaza Shopping Center;24089;34.2222262;-118.397581;6441483.20385547;1903490.34454231
157210332;-118.333128156279187;33.793627867038815;Airport Plaza Shopping Center;24090;33.7936279;-118.3331281;6460450.05634163;1747444.38694981
157210333;-118.34062815588527;33.789738867189925;Country Hills Shopping Center;24091;33.7897389;-118.3406281;6458166.40966222;1746036.71752106
157210334;-118.325629155917497;33.871682167506378;Crenshaw Shopping Center;24092;33.8716822;-118.3256291;6462820.62476322;1775842.75863065
157210336;-118.390352155664615;33.839737266997751;The Pier Shopping Center;24095;33.8397373;-118.3903521;6443127.90955555;1764287.27189915
157210344;-118.376944455715361;33.774722167437922;Peninsula Shopping Center;24104;33.7747222;-118.3769444;6447110.82284956;1740611.14405465
157210345;-118.353611155611233;33.867222167253914;Galleria Shopping Center;24105;33.8672222;-118.3536111;6454320.58336438;1774248.36516589
157210346;-118.344722256681791;34.089722167186061;West Hollywood Gateway Shopping Center;24107;34.0897222;-118.3447222;6457296.76704456;1855210.9965474
157210347;-118.383055656573717;34.066388866602502;Wilshire-Robertson Plaza Shopping Center;24108;34.0663889;-118.3830556;6445658.03310423;1846761.64271122
157210348;-118.408611156304488;33.886111067018362;Metlox Plaza Shopping Center;24109;33.8861111;-118.4086111;6437651.6360593;1781185.74236722
157210353;-118.537586455995722;34.256113966762243;Northridge Shopping Center;24115;34.256114;-118.5375864;6399226.44617756;1916019.42840798
157210355;-118.328683756049088;33.803905467529447;Crossroads Shopping Center;24119;33.8039055;-118.3286837;6461812.70355073;1751180.22199781
157210356;-118.42618995586885;34.04028796662061;Westside Pavilion Shopping Center;24121;34.040288;-118.4261899;6432554.17151672;1837315.6894903
157210362;-118.508973755931549;34.207782066446413;Saticoy Plaza Shopping Center;24127;34.2077821;-118.5089737;6407783.28306647;1898385.79110314
157210363;-118.535084655747539;34.168894266509142;Tarzana Square Shopping Center;24128;34.1688943;-118.5350846;6399813.4499248;1884275.01715939
157210366;-118.358410655711708;34.070287666458015;Parklabrea Shopping Center;24132;34.0702877;-118.3584106;6453127.04933414;1848152.95292073
157210367;-118.348966256479088;34.090287067133374;Movietown Plaza Shopping Center;24133;34.0902871;-118.3489662;6456012.50517739;1855421.00695415
157210390;-118.114787056741577;33.746961867571976;Seaside Village;24165;33.7469619;-118.114787;6526773.09397088;1730313.48682848
157210412;-118.190901455792542;33.760295767285605;Shoreline Village;24189;33.7602958;-118.1909014;6503642.23340856;1735201.26379831
157210421;-118.238405556568011;33.927237767153073;Kenneth Hahn Plaza Shopping Center;24201;33.9272378;-118.2384055;6489346.57925713;1795986.39813331
157210422;-118.117844656911871;33.859459967092974;Lakewood Marketplace Shopping Center;24202;33.85946;-118.1178446;6525891.52749255;1771255.66117756
157210423;-118.224238956335554;33.964459167413061;South Gate Plaza Shopping Center;24203;33.9644592;-118.2242389;6493674.43247806;1809522.15846331
157210424;-118.108398055997569;33.756961667869341;The Market Place Shopping Center;24204;33.7569617;-118.108398;6528719.38469772;1733950.55238898
157210426;-118.324241055527466;33.929736666793275;Crenshaw Imperial Plaza Shopping Center;24206;33.9297367;-118.324241;6463310.15265556;1796968.67602439
157210427;-118.305351156101352;33.888904366729641;Pacific Square Shopping Center;24207;33.8889044;-118.3053511;6468995.34240064;1782090.98235464
157210428;-118.297573356366911;33.89168226712863;Gardena Valley Shopping Center;24208;33.8916823;-118.2975733;6471358.91411705;1783094.84222355
157210429;-118.119512756028499;33.935292067441303;Stonewood Shopping Center;24209;33.9352921;-118.1195127;6525417.88703564;1798853.32317373
157210430;-118.308406855775232;33.889459766717316;Tozai Shopping Center;24210;33.8894598;-118.3084068;6468068.55127522;1782295.93601298
157210431;-118.031176956395512;33.960568467046365;The Quad At Whittier Shopping Center;24211;33.9605685;-118.0311769;6552216.12116872;1808031.87371422
157210433;-118.030342556832068;33.915846967381427;Mirada West Shopping Center;24214;33.915847;-118.0303425;6552464.23582996;1791756.65199964
157210435;-118.140623156316039;33.850571467663492;Lakewood Center Mall Shopping Center;24217;33.8505715;-118.1406231;6518971.22506022;1768029.80804923
157210436;-118.14312315677968;33.848627067566007;Lakewood Square Shopping Center;24218;33.8486271;-118.1431231;6518211.11240722;1767323.26385865
157210438;-118.065343256110665;33.888347767562912;Alondra Shopping Center;24220;33.8883478;-118.0653432;6541838.31088763;1781754.1080284
157210439;-118.08284345653496;33.865292867724079;Artesia Town Center Shopping Center;24222;33.8652929;-118.0828434;6536519.99015947;1773367.78949922
157210440;-118.095343956425324;33.866404067770475;Best Plaza Shopping Center;24223;33.8664041;-118.0953439;6532725.36093771;1773775.54590157
157210441;-118.081454456864677;33.857792967662967;Lincoln Station Shopping Center;24225;33.857793;-118.0814544;6536939.46340188;1770638.04627106
157210442;-118.081454756838667;33.874181666988498;Pioneer Artesia Shopping Center;24226;33.8741817;-118.0814547;6536944.2051903;1776602.29549739
157210443;-118.04784205614267;33.860014867155506;Cerritos Plaza Shopping Center;24227;33.8600149;-118.047842;6547145.1139223;1771440.08764598
157210444;-118.091732555938549;33.857515267447987;Cerritos South Town And Country Shopping Center;24228;33.8575153;-118.0917325;6533818.77541755;1770539.67245206
157210445;-118.101455256274548;33.862237567669503;Cerritos Auto Square;24229;33.8622376;-118.1014552;6530868.53263038;1772261.07058406
157210447;-118.115621856066127;33.834182667720412;Carwood Shopping Center;24231;33.8341827;-118.1156218;6526555.81094089;1762055.83312055
157210449;-118.307849256351034;33.750851167360899;Park Plaza Shopping Center;24233;33.7508512;-118.3078492;6468083.29468405;1731852.30297656
157210451;-118.261183056093529;33.843628067076693;South Bay Pavilion At Carson Shopping Center;24235;33.8436281;-118.261183;6482357.64933738;1765576.10167056
157210453;-118.311460555680981;33.755850967394217;Terrace At South Bay Shopping Center;24237;33.755851;-118.3114605;6466991.09083173;1733675.25143039
157210454;-118.134233955915732;33.849182566984446;Sycamore Plaza Shopping Center;24238;33.8491826;-118.1342339;6520910.5797773;1767521.70014156
157210455;-118.012842056299107;33.918069067193997;Crossroad Shopping Center;24239;33.9180691;-118.012842;6557774.09528898;1792564.18450531
157210456;-117.995341456763029;33.918068967063;Green Hills Plaza Shopping Center;24240;33.918069;-117.9953414;6563083.74083763;1792563.93220922
157210457;-118.064230956522294;33.832237667518314;Hawaiian Gardens Square Shopping Center;24241;33.8322377;-118.0642309;6542162.85256138;1761334.03502348
157210458;-118.177293056237787;33.969736366837871;Bell Shopping Center;24242;33.9697364;-118.177293;6507913.19501098;1811414.20881306
157210462;-118.223126856185132;33.895293767507354;Compton Towne Center Shopping Center;24246;33.8952938;-118.2231268;6493955.78099672;1784350.62941015
157210463;-118.311182855708992;33.761406467474309;Westmont Plaza Shopping Center;24247;33.7614065;-118.3111828;6467081.7661753;1735696.78971015
157210464;-118.184513556200116;33.838627667062148;Bixby Knolls Shopping Center;24248;33.8386277;-118.1845135;6505636.28191389;1763704.71564956
157210465;-118.15923485642071;33.846405067734885;Color Corner Shopping Center;24249;33.8464051;-118.1592348;6513317.5300028;1766521.98068431
157210466;-118.300350855530766;33.873349066811713;Gardena Gateway Shopping Center;24253;33.8733491;-118.3003508;6470496.02935989;1776425.48745206
157210467;-118.083677656904911;33.904181066932757;Norwalk Town Square Shopping Center;24257;33.9041811;-118.0836776;6536278.51688914;1787520.34059039
157210468;-118.308127055661757;33.736684967554844;Weymouth Corner Shopping Center;24258;33.736685;-118.308127;6467983.03963523;1726697.07969123
157210470;-118.049510456337472;33.940569067446276;Santa Fe Springs Mall Shopping Center;24260;33.9405691;-118.0495104;6546653.01221623;1800755.88826622
157210471;-118.088400856030887;33.947513666889186;Santa Fe Springs Promenade Shopping Center;24261;33.9475137;-118.0884008;6534859.13915047;1803291.27131881
157210472;-118.163403356041869;33.949458767238937;South Gate Towne Center Shopping Center;24262;33.9494588;-118.1634033;6512112.70104764;1804027.62614532
157210473;-118.198126656201524;33.943625967527232;Tweedy Marketplace Shopping Center;24263;33.943626;-118.1981266;6501577.50328605;1801923.88461789
157210474;-118.165348156725045;33.968347366986777;Bell Gardens Marketplace Shopping Center;24264;33.9683474;-118.1653481;6511534.18153539;1810902.55005948
157210475;-118.150901756183003;33.875848867010745;Bellflower Plaza Shopping Center;24265;33.8758489;-118.1509017;6515864.02031663;1777233.39397272
157210476;-118.288405755499113;33.842516567305601;Alpine Village Shopping Center;24268;33.8425166;-118.2884057;6474089.8722378;1765194.19921914
157210477;-118.30979495644678;33.832516366996437;Eastgate Plaza Shopping Center;24269;33.8325164;-118.3097949;6467583.39476521;1761574.2133489
157210478;-118.117289856376942;33.901403667644608;Rosewood Center Shopping Center;24270;33.9014037;-118.1172898;6526077.78105706;1786519.77664664
157210480;-118.009444457017977;33.918611066923226;Home Depot Shopping Center;24273;33.9186111;-118.0094444;6558804.93837164;1792761.3163289
157210481;-118.094232756701288;33.862515267015603;Los Cerritos Shopping Center;24280;33.8625153;-118.0942327;6533061.37765414;1772359.99787964
157210482;-118.084233356610554;33.913347567566795;Norwalk Shopping Center;24281;33.9133476;-118.0842333;6536112.68618405;1790856.38149048
157210483;-118.074510856222986;33.918625167587997;Paddison Square Shopping Center;24282;33.9186252;-118.0745108;6539064.06151488;1792774.69097406
157210484;-118.044788056259591;33.940013366980821;Santa Fe Springs Plaza Shopping Center;24283;33.9400134;-118.044788;6548085.30364297;1800552.98480064
157210494;-118.115903057035524;34.077787667049328;Alhambra Valley Shopping Center;24297;34.0777877;-118.115903;6526572.62849255;1850709.06985573
157210621;-118.02256665668213;34.07028726664749;El Monte Shopping Center;24435;34.0702873;-118.0225666;6554836.10543005;1847960.06452698
157210637;-118.135070456983044;34.078343266576468;Crawfords Corner Shopping Center;24455;34.0783433;-118.1350704;6520768.6391163;1850918.5087413
157210639;-118.019233056435638;34.061954166831498;Five Points Plaza Shopping Center;24458;34.0619542;-118.019233;6555845.09553805;1844927.27958205
157210640;-118.247019156157876;34.148618666809107;Glendale Fashion Center Shopping Center;24460;34.1486187;-118.2470191;6486931.50764371;1876557.38659731
157210641;-118.06979065682178;34.151117766441843;Hastings Ranch Plaza Shopping Center;24462;34.1511178;-118.0697906;6540554.89121039;1877382.35279514
157210642;-118.186182456326989;33.986680667351237;Maywood Village Square Shopping Center;24463;33.9866807;-118.1861824;6505229.25812164;1817585.45893773
157210643;-118.006455057024127;34.139451166915897;Monrovia Shopping Center;24464;34.1394512;-118.006455;6559717.0671248;1873129.39706223
157210644;-118.10673575637226;34.01917886691799;Montebello Mart Shopping Center;24465;34.0191789;-118.1067357;6529326.01832697;1829377.12072182
157210645;-118.122847456471817;34.031122966648461;Montebello Plaza Shopping Center;24466;34.031123;-118.1228474;6524448.97525956;1833729.38924822
157210646;-118.084235157114449;34.035566967210954;Montebello Town Center Shopping Center;24467;34.035567;-118.0842351;6536149.41117622;1835334.59798007
157210647;-118.095346556423593;34.033344766878457;Montebello Town Square Shopping Center;24468;34.0333448;-118.0953465;6532782.19678205;1834528.90274106
157210648;-117.983120856590588;34.13889576661429;Mountain Vista Plaza Shopping Center;24470;34.1388958;-117.9831208;6566777.94637571;1872927.64320065
157210649;-118.132848557199921;34.168061866497347;North Lake Square Shopping Center;24471;34.1680619;-118.1328485;6521484.61963972;1883567.84370498
157210650;-118.224517055929979;33.98834766733296;Pacific Center Shopping Center;24472;33.9883477;-118.224517;6493609.52217481;1818215.8540024
157210652;-118.070623756279616;34.074176367010431;Rosemead Square Shopping Center;24474;34.0741764;-118.0706237;6540283.16176698;1849382.12795581
157210653;-118.08729065707054;34.001957067069618;Pico Rivera Plaza Shopping Center;24476;34.0019571;-118.0872906;6535213.05773397;1823104.0742128
157210654;-118.192573256440937;34.201671666983209;Plaza De La Canada Shopping Center;24477;34.2016717;-118.1925732;6503441.78269397;1895828.27981398
157210655;-118.133681356286147;34.06306616701734;Landmark Shopping Center;24478;34.0630662;-118.1336813;6521181.88927406;1845358.32235515
157210656;-118.133403556640474;34.057788666766484;Monterey Park Mall Shopping Center;24479;34.0577887;-118.1334035;6521263.47834972;1843437.62803382
157210658;-118.051456656554947;34.134729367238428;Santa Anita Fashion Park Shopping Center;24481;34.1347294;-118.0514566;6546098.86568671;1871414.96971682
157210659;-118.314800556777897;34.260280266519921;Sunland Mall Shopping Center;24482;34.2602803;-118.3148005;6466550.69046581;1917250.17889923
157210660;-118.236186156357007;34.223059666891594;The Marketplace Shopping Center;24483;34.2230597;-118.2361861;6490272.81887446;1903639.86261597
157210662;-118.037844257032333;33.981123667398421;Village Square Shopping Center;24486;33.9811237;-118.0378442;6550197.11798888;1815513.04116656
157210663;-118.051455857058556;33.981957167073837;Whittier Station Shopping Center;24487;33.9819572;-118.0514558;6546070.64986388;1815818.20197356
157210664;-118.056456356579375;33.998623566995626;Model Plaza Shopping Center;24488;33.9986236;-118.0564563;6544558.0718523;1821884.26333223
157210667;-118.019788857204972;34.140840167177629;Arcadia Specialty Center Shopping Center;24493;34.1408402;-118.0197888;6555682.40655898;1873635.40622081
157210668;-118.187571255898177;33.977236367189384;Bell Palm Plaza Shopping Center;24494;33.9772364;-118.1875712;6504801.83148305;1814149.26895973
157210670;-118.066179356675278;34.132507367148897;El Rancho Santa Anita Shopping Center;24496;34.1325074;-118.0661793;6541643.0461863;1870608.9500034
157210672;-118.073123056874181;33.973346367064046;Santa Fe Springs Market Place Shopping Center;24498;33.9733464;-118.073123;6539499.60001388;1812688.62161855
157210674;-118.144237056059296;34.038067367262641;Atlantic Square Shopping Center;24501;34.0380674;-118.144237;6517971.8021903;1836265.20110573
157210676;-118.292853456349519;34.099731566864662;Barnsdall Square Shopping Center;24503;34.0997316;-118.2928534;6473011.95182148;1858803.78365314
157210679;-118.308686855941374;34.055011167096715;Koreatown Plaza Shopping Center;24507;34.0550112;-118.3086868;6468168.58814864;1842543.59766965
157210680;-118.284796956632704;34.025568366863297;University Village Shopping Center;24508;34.0255684;-118.2847969;6475374.49991788;1831807.46428631
157210681;-118.310075656345205;34.042511667102488;Western Plaza Shopping Center;24509;34.0425117;-118.3100756;6467733.88757446;1837996.10217148
157210682;-118.313687056461191;34.062232967154735;Wilshire Gramercy Plaza Shopping Center;24510;34.062233;-118.313687;6466662.22567581;1845176.42639348
157210683;-118.143404356879557;34.145284966466491;Plaza Pasadena Shopping Center;24511;34.145285;-118.1434043;6518279.74383163;1875283.31073339
157210684;-118.091735456532746;34.062232467402367;Garvey Square Shopping Center;24514;34.0622325;-118.0917354;6533885.88322297;1845040.67863348
157210685;-118.314243856451185;34.162228766500753;Rancho Marketplace Shopping Center;24515;34.1622288;-118.3142438;6466607.34947322;1881567.11082982
157210686;-118.07645735712957;34.081676167246101;Universal Square Shopping Center;24516;34.0816762;-118.0764573;6538518.63281572;1852112.73962057
157210694;-118.108402556088222;34.01167916741192;Crawfords Shopping Center;24524;34.0116792;-118.1084025;6528817.98194148;1826648.37092997
157210698;-118.244444456694737;34.154722166344101;Glendale Plaza Shopping Center;24528;34.1547222;-118.2444444;6487715.91617988;1878776.65053147
157210702;-118.08888895703943;34.147222167264296;El Nido Plaza Shopping Center;24533;34.1472222;-118.0888889;6534775.3689768;1875969.23423031
157210712;-118.249796155882649;34.041401366973787;Los Angeles Flower Mart;24549;34.0414014;-118.2497961;6485994.32907189;1837541.18674272
157210713;-118.072568557334478;34.151117766505884;Hastings Ranch Shopping Center;24550;34.1511178;-118.0725685;6539714.4260278;1877382.94793831
157210714;-118.012010756432531;34.13834016685756;Huntington Oaks Shopping Center;24551;34.1383402;-118.0120107;6558035.88413547;1872725.23809364
157210715;-118.074235056529233;34.104175266603391;Elm Center Shopping Center;24553;34.1041753;-118.074235;6539197.6042268;1860300.07888889
157210721;-118.073123956382275;34.114730266660203;Temple City Square Shopping Center;24560;34.1147303;-118.0731239;6539536.7551233;1864140.9924669
157210725;-118.215906856515019;34.135563566941101;Eagle Rock Plaza Shopping Center;24564;34.1355636;-118.2159068;6496334.7155433;1871784.73144448
157210728;-118.081666756956466;34.150833267208775;Hastings Village Shopping Center;24567;34.1508333;-118.0816667;6536961.64445989;1877281.5252409
157210788;-117.891728757073366;34.128063366925339;Foothill Center Shopping Center;24633;34.1280634;-117.8917287;6594437.29164746;1869002.75374073
157210789;-117.87172795742589;34.085287167447419;Berkeley Square Shopping Center;24636;34.0852872;-117.8717279;6600510.14859623;1853442.83144855
157210790;-117.795892157689849;34.107508867260087;Canyon Shopping Center;24637;34.1075089;-117.7958921;6623456.2073628;1861567.67510697
157210791;-117.706167157567819;34.120842267084129;Claremont Heights Shopping Center;24638;34.1208423;-117.7061671;6650602.77806956;1866487.20234139
157210792;-117.737834557724696;34.108064767475966;Foothill And Towne Shopping Center;24639;34.1080648;-117.7378345;6641030.36775248;1861810.74023764
157210793;-117.818948556836489;34.107786567321753;Foothill Village Shopping Center;24640;34.1077866;-117.8189485;6616476.58811997;1861655.36292373
157210794;-117.808670357751339;34.106397767212634;Frontier Village Shopping Center;24641;34.1063978;-117.8086703;6619588.86929697;1861155.7169414
157210795;-117.747279357642;34.10612026680996;Garey Shopping Center;24642;34.1061203;-117.7472793;6638173.12051421;1861095.77972531
157210796;-117.865616756884606;34.129730067395101;Glendora Shopping Center;24644;34.1297301;-117.8656167;6602338.94907247;1869618.83518572
157210797;-117.871727957125159;34.073343067329695;Grand Creek Shopping Center;24645;34.0733431;-117.8717279;6600515.69582923;1849096.14985323
157210798;-117.829504456886241;34.127785867263299;Lone Hill Shopping Center;24646;34.1277859;-117.8295044;6613268.85995539;1868927.88053089
157210799;-117.882284057218143;34.129174467136025;College Center Shopping Center;24648;34.1291745;-117.882284;6597295.13796589;1869410.31657389
157210801;-117.957842056796565;34.071676166782211;Baldwin Park Towne Center Shopping Center;24650;34.0716762;-117.957842;6574437.53210638;1848467.42309231
157210802;-117.905895856914583;34.086953466705616;Covina Square Shopping Center;24652;34.0869535;-117.9058958;6590163.80314723;1854037.7843269
157210803;-117.905618156954716;34.10500846735826;Covina Town Square Shopping Center;24653;34.1050085;-117.9056181;6590241.71703339;1860608.41423023
157210804;-117.908951657488529;34.089731166715488;Covina Village Shopping Center;24654;34.0897312;-117.9089516;6589237.63275547;1855047.78919664
157210806;-117.885617357615075;34.073620767516594;Eastland Shopping Center;24656;34.0736208;-117.8856173;6596309.37681405;1849192.13292898
157210807;-117.905062657515998;34.114730367458264;Edgewood Shopping Center;24657;34.1147304;-117.9050626;6590406.53658564;1864146.5515109
157210808;-117.962008856535249;34.009456067029959;Gale Square Shopping Center;24658;34.0094561;-117.9620088;6573184.21046606;1825823.80302531
157210809;-117.937008056539213;34.058065567246231;Glenvine Shopping Center;24659;34.0580656;-117.937008;6580750.04146297;1843517.56553797
157210810;-117.839226156624932;33.974735067462589;Country Hills Town Center Shopping Center;24660;33.9747351;-117.8392261;6610415.7924988;1813224.92205514
157210811;-117.902562056489089;33.986956866972619;Eastwood Village Shopping Center;24661;33.9869569;-117.902562;6591208.51037538;1817648.02344514
157210812;-117.870894157545891;33.985845867010305;Fairway Plaza Shopping Center;24662;33.9858459;-117.8708941;6600809.10009806;1817254.52652873
157210814;-117.932841156948797;34.070287366823401;Plaza At West Covina Shopping Center;24664;34.0702874;-117.9328411;6582009.1859263;1847966.12980357
157210815;-117.885617157584903;34.010567467141371;Quail Ridge Shopping Center;24665;34.0105675;-117.8856171;6596335.55031814;1826245.81300806
157210816;-117.907284756760816;34.048343767274673;South Hills Plaza Shopping Center;24666;34.0483438;-117.9072847;6589756.22423796;1839986.58867607
157210817;-117.945341556548811;34.050565867494853;South Hills Shopping Center;24667;34.0505659;-117.9453415;6578227.38345055;1840786.80229872
157210818;-117.953675256861558;34.051954567227661;Sunset Square Shopping Center;24668;34.0519546;-117.9536752;6575702.72117706;1841290.90890206
157210819;-117.894506457568284;34.026677967597415;Walnut Hills Plaza Shopping Center;24669;34.026678;-117.8945064;6593635.38019355;1832105.79800723
157210820;-117.932840857004805;33.990012267130012;Bixby Hacienda Plaza Shopping Center;24672;33.9900123;-117.9328408;6582028.79710755;1818752.43101323
157210821;-117.935063657398885;34.088620067534173;Irwindale Square Shopping Center;24673;34.0886201;-117.9350636;6581331.79850155;1854637.30445331
157210822;-117.907840056468586;33.995567867053147;The Plaza At Puente Hills Shopping Center;24674;33.9955679;-117.90784;6589605.61988039;1820780.23437232
157210823;-117.90728485676054;34.078342666764229;West Covina Plaza Shopping Center;24675;34.0783427;-117.9072848;6589746.12353639;1850903.76139548
157210824;-117.92728525674147;33.993623366837276;Puenta Hills Mall Shopping Center;24676;33.9936234;-117.9272852;6583711.95647089;1820067.75646657
157210825;-117.925340557417414;33.989734467693452;Ross Plaza Shopping Center;24677;33.9897345;-117.9253405;6584302.49334756;1818652.93810198
157210828;-117.805892457106324;34.106119967356278;Puddingstone Shopping Center;24680;34.10612;-117.8058924;6620429.97817905;1861056.2328884
157210832;-117.827282157108499;34.107508767268833;San Dimas Plaza Shopping Center;24684;34.1075088;-117.8272821;6613954.09283689;1861549.82704556
157210836;-117.809781157726988;34.001401267068736;Towne Centre Village Shopping Center;24689;34.0014013;-117.8097811;6619324.9242868;1822944.87669656
157210837;-117.828670957564441;34.073620967385146;Via Verde Plaza Shopping Center;24691;34.073621;-117.8286709;6613554.70780888;1849216.71588506
157210838;-117.730056657043207;34.107787067271971;Alpha Beta Shopping Center;24693;34.1077871;-117.7300566;6643385.07957847;1861715.91234331
157210839;-117.720611858022977;34.080565767248615;Claremont Center Shopping Center;24694;34.0805658;-117.7206118;6646271.64926463;1851817.42000122
157210840;-117.703667057147641;34.107509367663916;College Center Shopping Center;24695;34.1075094;-117.703667;6651373.76930971;1861637.35508573
157210842;-117.723389757479652;34.107787067281635;Griswolds Old School House Shopping Center;24697;34.1077871;-117.7233897;6645403.21629022;1861721.39920898
157210843;-117.718389557207658;34.089732066803478;Pepper Tree Square Shopping Center;24699;34.0897321;-117.7183895;6646935.23487972;1855155.07474323
157210844;-117.735612357857718;34.107786967092501;Stater Brothers Shopping Center;24700;34.107787;-117.7356123;6641703.31358506;1861711.40579064
157210845;-117.871727556554703;33.987234667479207;Canyon Point Marketplace Shopping Center;24703;33.9872347;-117.8717275;6600555.80828181;1817759.61606973
157210850;-117.889166756840169;33.996666667037061;Rowland Heights Plaza Shopping Center;24709;33.9966667;-117.8891667;6595265.37693356;1821185.82575272
157210851;-117.737700057119014;34.088799967402977;The Valley Center Shopping Center;24714;34.0888;-117.7377;6641089.37747698;1854800.0482223
157210855;-117.722556257597731;34.061677367675713;Indian Hill Marketplace Shopping Center;24718;34.0616774;-117.7225562;6645701.8420053;1844941.96524823
157210856;-117.922562756612351;33.99112336706694;Puente Hills East Shopping Center;24719;33.9911234;-117.9225627;6585144.1619398;1819159.02436015
157211028;-118.112016557770303;34.688874265660338;East Lancaster Plaza Shopping Center;24898;34.6888743;-118.1120165;6527997.35464571;2073095.10638198
157211030;-118.149795456841957;34.6744302659787;Lancaster Commerce Center Shopping Center;24900;34.6744303;-118.1497954;6516632.92100981;2067853.29206248
157211033;-118.162574157337588;34.490826566563925;Santiago Square Shopping Center;24903;34.4908266;-118.1625741;6512682.82064231;2001041.21341656
157211034;-118.182574257434396;34.661097366330807;West Lancaster Plaza Shopping Center;24905;34.6610974;-118.1825742;6506768.86298205;2063017.35619631
157211036;-118.157851157283119;34.677485666156542;Antelope Valley Center Shopping Center;24907;34.6774857;-118.1578511;6514212.64697897;2068968.9489519
157211038;-118.166740256851455;34.688318465674229;Antelope Valley Plaza Shopping Center;24909;34.6883185;-118.1667402;6511546.69594605;2072915.64348631
157211042;-118.151388957513845;34.604444366011229;Antelope Valley Mal Shopping Center;24913;34.6044444;-118.1513889;6516115.4614148;2042384.19241023
157248307;-118.54304915268456;34.379048445117377;Lyons Station Shopping Center;23784;34.37904848;-118.5430491;6397817.48246005;1960765.81168406
157248315;-118.500363156288074;34.270835466557173;Balboa-Mission Shopping Center;23996;34.2708355;-118.5003631;6410500.87933731;1921318.71111648
157248316;-118.344340380109344;33.949776957147229;Holly Park Plaza Shopping Center;24011;33.94977699;-118.34434032;6457237.9256268;1804282.01540031
157248317;-118.539481814634598;34.169878629522756;Brown Center Shopping Center;24040;34.16987866;-118.53948176;6398485.29575697;1884640.34910589
157248318;-118.513711151091485;34.16181812787643;Encino Junior Shopping Center;24043;34.16181816;-118.51371109;6406265.46884489;1881666.18641905
157248319;-118.50805168990226;34.16102801509215;Plaza De Oro Shopping Center;24053;34.16102805;-118.50805163;6407976.06778589;1881369.95210339
157248320;-118.397501763135224;34.187506075223361;Valley Plaza Shopping Center;24084;34.18750611;-118.39750171;6441457.20718831;1890855.08011472
157248321;-118.757668789756622;34.156877582326715;Twin Oaks Agoura Shopping Center;24116;34.15687762;-118.75766873;6332452.45964706;1880335.00896332
157248322;-118.007401284313303;33.897064553935195;La Mirada Towne Center Shopping Center;24143;33.89706459;-118.00740123;6559424.25176555;1784919.99014807
157248323;-118.26642220875776;33.791961027888647;Wilmington Plaza Shopping Center;24213;33.79196106;-118.26642215;6480716.85799955;1746777.33382198
157248324;-118.084498700183545;33.886724790152343;Alondra Square Shopping Center;24221;33.88672482;-118.08449864;6536024.03281805;1781167.80113015
157248325;-118.093972262222266;33.862647254758315;Los Cerritos Center Shopping Center;62311;33.86264729;-118.09397221;6533140.50840139;1772407.95742939
157248326;-118.152283486400876;33.87567116734504;Bellflower Towne Center Shopping Center;24266;33.8756712;-118.15228343;6515444.49753363;1777169.3573554
157248327;-118.248987850340953;34.050885996263069;Grand Central Market;24454;34.05088603;-118.24898779;6486247.7554023;1840992.21068056
157248328;-118.297297756329101;34.063899766554066;Chapman Plaza Shopping Center;24456;34.0638998;-118.2972977;6471627.92210922;1845767.91799265
157248329;-118.002058324609933;34.150116603044879;Foothill Park Plaza Shopping Center;24459;34.15011664;-118.00205827;6561047.58185223;1877010.68818414
157248330;-118.125826176429399;34.09475654976351;Alhambra Place Shopping Center;24499;34.09475658;-118.12582612;6523575.44485439;1856887.97547689
157248332;-118.215122279614079;34.138431216630231;Eagle Rock Town Square Shopping Center;24512;34.13843125;-118.21512222;6496574.36959155;1872827.81039506
157248333;-118.089788017012495;34.063227858369885;Beaches Shopping Center;24513;34.06322789;-118.08978796;6534476.03919488;1845402.38788381
157248334;-118.258488234280804;34.144806877519031;Glendale Galleria Shopping Center;24461;34.14480691;-118.25848818;6483457.83020788;1875178.93692639
157248335;-118.02194445684863;34.139722166494856;Arcadia Gateway Centre Shopping Center;24532;34.1397222;-118.0219444;6555030.05189255;1873228.68065631
157248336;-118.239321169423704;34.061334697000746;Far East Plaza Shopping Center;24541;34.06133473;-118.23932111;6489185.00248055;1844787.57218431
157248337;-118.23986297554346;34.04889477504571;Japanese Village Plaza Mall Shopping Center;24542;34.04889481;-118.23986292;6489010.0983028;1840260.8473139
157248338;-118.258611156218876;34.048333266597801;Macy's Plaza Shopping Center;24543;34.0483333;-118.2586111;6483330.31110597;1840070.58588339
157248339;-117.899211702673995;34.133129638033303;Azusa Square Shopping Center;24647;34.13312967;-117.89921165;6592170.8230833;1870844.10701339
157248340;-117.944433745802968;34.051823810555277;Hacienda Plaza Shopping Center;62348;34.05182384;-117.94443369;6578502.12273046;1841244.74298389
157248341;-117.931999024933134;34.067965020434897;West Covina Parkway Plaza Shopping Center;24670;34.06796505;-117.93199897;6582264.79466705;1847121.15511556
157248342;-117.932889519388098;34.070737870265923;Westfield West Covina Shopping Center;62350;34.0707379;-117.93288946;6581994.4300503;1848130.06681165
157248343;-117.914229357555868;34.029455467271099;Woodside Village Shopping Center;24671;34.0294555;-117.9142293;6587658.38886672;1833110.8990154
157248344;-117.927460727484529;33.993557467326994;Puente Hills Mall Shopping Center;62354;33.9935575;-117.92746067;6583658.78433314;1820043.73584531
157248345;-117.816481647456513;34.104964425389653;San Dimas Station Shopping Center;24685;34.10496446;-117.81648159;6617225.22277756;1860629.68879397
157248346;-117.832896766703612;34.115890551475651;Glendora Marketplace Shopping Center;24708;34.11589058;-117.83289671;6612249.41415964;1864597.23696123
157248348;-118.49046712810167;34.047521337805954;Brentwood Country Mart Shopping Center;23985;34.04752137;-118.49046707;6413094.10020073;1840036.81429739
157248349;-117.889351902212937;34.069938019039682;Country Club Shopping Center;24651;34.06993805;-117.88935184;6595179.90302314;1847850.64512639
157248350;-118.172915039637147;34.694026500122348;Valley Central Shopping Center;4703;34.69402653;-118.17291498;6509694.07530747;2074996.10618889
157248384;-118.565633352393618;34.277307958089864;Porter Ranch Town Center Shopping Center;62556;34.27730799;-118.5656333;6390794.93154456;1923778.69438548
157248385;-118.360294160362173;34.071866535808496;Farmers Market Shopping Center;62570;34.07186657;-118.3602941;6452558.69909288;1848729.56922156
157248386;-118.086848315945673;33.830658081228449;Long Beach Towne Center Shopping Center;62568;33.83065811;-118.08684826;6535293.2695158;1760764.34456182
157248387;-118.569645938441965;34.384529339267239;Valencia Marketplace Shopping Center;62564;34.38452937;-118.56964588;6389803.88857913;1962804.80170056
157248388;-118.336443956576247;34.010479056684979;Baldwin Hills Crenshaw Plaza Shopping Center;62566;34.01047909;-118.3364439;6459706.70349763;1826364.55128765
157248933;-118.225100096489285;34.141130719344453;Eagle Rock Plaza Shopping Center;62302;34.14113075;-118.22510004;6493557.28835538;1873816.81793147
157248934;-118.140943106719206;33.850458920210279;Lakewood Center Shopping Center;62307;33.85045895;-118.14094305;6518874.01724939;1767988.98529623
157248935;-118.095474299246433;33.867333241758971;Cerritos Best Plaza Shopping Center;62312;33.86733327;-118.09547424;6532686.11200047;1774113.73256114
157248936;-118.04837470939745;33.939336776954313;Gateway Plaza Center Shopping Center;62318;33.93933681;-118.04837465;6546997.28711823;1800307.26285115
157248937;-118.256835994189771;34.143692504110852;Americana at Brand Shopping Center;62336;34.14369254;-118.25683594;6483956.72225472;1874772.11588964
157248938;-118.406910952112867;34.017113356417632;Culver Center Shopping Center;62558;34.01711339;-118.4069109;6438360.65957564;1828857.85305956
157248939;-118.312084135762291;34.183308130777768;Burbank Town Center Shopping Center;62573;34.18330816;-118.31208408;6467284.50888005;1889236.20146273
157248940;-118.153324183787575;34.006565822469604;The Citadel Outlets Shopping Center;62560;34.00656586;-118.15332413;6515201.25130098;1824805.24633539
157248941;-118.376054819741313;33.773921386475983;The Avenue Of The Peninsula Shopping Center;62561;33.77392142;-118.37605476;6447380.10610364;1740318.70631932
157248942;-118.132767733699595;34.138022731584726;The Shops On Lake Avenue ;62583;34.13802276;-118.13276768;6521494.62946223;1872636.03157914
157248943;-118.123261985555885;33.794377320231916;South Los Altos Market Center Shopping Center;62585;33.79437735;-118.12326193;6524217.72933097;1747572.37094581
157248944;-118.122661170454819;33.797943679158394;North Los Altos Market Center Shopping Center;62589;33.79794371;-118.12266111;6524401.8680703;1748870.04289114
157248945;-118.190185055736066;33.773363967455914;City Place Long Beach ;62591;33.773364;-118.190185;6503868.99476606;1739956.73853931
157248946;-118.094556984130008;33.984030085422027;Pico Rivera Towne Center Shopping Center;62596;33.98403012;-118.09455693;6533004.54016939;1816582.0698684
157248947;-118.461145219474716;34.404324864280362;Sierra Canyon Plaza Shopping Center;62598;34.4043249;-118.46114516;6422572.16195323;1969840.8637439
157248948;-117.996339855106413;33.942825880479411;Whittwood Town Center Shopping Center;62601;33.94282591;-117.9963398;6562780.50030239;1801573.51491182
157248949;-118.330307063398308;34.189085797639905;Burbank Empire Shopping Center;62605;34.18908583;-118.33030701;6461780.14718539;1891356.39833781
157248950;-118.446961697078919;34.223264445692514;Panorama Plaza Shopping Center;62607;34.22326448;-118.44696164;6426557.40956014;1903930.89943548
157248951;-118.145062980382562;34.597447734611521;The Marketplace Shopping Center;62609;34.59744777;-118.14506292;6518015.35295622;2039835.12861073
157248952;-118.129817303166476;33.926972452074459;Downey Landing Shopping Center;62611;33.92697249;-118.12981725;6522288.24368864;1795829.50802715
157248953;-117.88596695434174;34.008993828674043;Bestway Supermarket Shopping Center;62613;34.00899386;-117.8859669;6596230.18963647;1825673.01395682
157248961;-118.393650111113274;33.898988092744553;Manhattan Village Mall;65462;33.89898813;-118.39365005;6442210.83330572;1785853.83965831
157249142;-118.437938746093835;33.978910121973406;Waterside Marina del Rey Shopping Center;;33.97033319;-118.44957948;6425354.37587696;1811888.83023915
157260096;-118.324867542787786;33.3437985566189;Green Pleasure Pier;24096;33.34379859;-118.32486749;6462430.91622506;1583725.38466406
157260111;-118.390672858462111;33.839168905166787;Redondo Beach and Pier;59082;33.83916894;-118.3906728;6443029.71487005;1764080.8103698
157260154;-118.446221408246103;33.970666822195419;Los Angeles County Department Of Beaches And Harbors;;33.97066686;-118.44622135;6426373.1172778;1812005.71911298
157260184;-118.466928061054205;33.979025780721926;Venice Beach, Pier, Ocean Front Walk (Restaurants and Shopping);;33.97902581;-118.46692801;6420108.90047555;1815076.20575415
